booking_id,train_id,passenger_id,date,seat_class,fare,status
1,37,368,2025-02-15,2AC,1532,Waiting
2,2,675,2025-05-26,1AC,662,Confirmed
3,37,703,2025-05-01,Sleeper,1964,Cancelled
4,48,509,2024-12-09,2AC,1688,Confirmed
5,39,361,2025-03-15,3AC,1403,Confirmed
6,40,257,2024-08-12,3AC,1386,Confirmed
7,41,662,2024-11-30,Sleeper,732,Waiting
8,3,594,2024-08-21,2AC,1599,Confirmed
9,6,303,2025-03-25,2AC,1630,Waiting
10,12,206,2025-01-02,3AC,1710,Cancelled
11,24,544,2025-02-21,2AC,1800,Confirmed
12,17,494,2024-09-26,2AC,1628,Waiting
13,8,480,2025-02-08,Sleeper,388,Confirmed
14,44,742,2025-04-23,1AC,1832,Cancelled
15,24,93,2025-06-06,1AC,128,Waiting
16,35,127,2025-01-09,1AC,854,Cancelled
17,48,689,2025-04-10,2AC,1297,Waiting
18,41,381,2024-12-18,Sleeper,1482,Confirmed
19,31,26,2024-12-11,2AC,1974,Cancelled
20,15,664,2024-11-30,Sleeper,1401,Waiting
21,45,310,2025-04-30,1AC,338,Confirmed
22,3,39,2025-03-24,2AC,1108,Confirmed
23,7,241,2025-01-30,3AC,895,Waiting
24,24,687,2024-09-26,1AC,1302,Cancelled
25,47,159,2024-10-17,1AC,1441,Confirmed
26,32,631,2025-05-10,1AC,672,Confirmed
27,45,380,2024-09-17,3AC,1008,Waiting
28,16,372,2025-05-02,Sleeper,1504,Waiting
29,35,661,2025-06-11,2AC,224,Waiting
30,18,195,2024-07-17,Sleeper,1836,Waiting
31,6,679,2024-09-30,3AC,1414,Cancelled
32,39,22,2025-05-22,Sleeper,1711,Waiting
33,16,129,2024-12-06,3AC,240,Cancelled
34,14,601,2024-09-16,3AC,1765,Confirmed
35,22,793,2025-04-01,3AC,1715,Cancelled
36,1,284,2024-12-11,3AC,366,Cancelled
37,17,179,2025-01-21,Sleeper,1453,Confirmed
38,9,16,2025-02-06,2AC,1717,Confirmed
39,38,332,2025-02-28,Sleeper,456,Waiting
40,4,130,2024-11-08,1AC,1177,Confirmed
41,48,66,2024-10-22,1AC,1018,Waiting
42,33,608,2024-06-25,Sleeper,1025,Cancelled
43,15,630,2024-12-22,Sleeper,1589,Cancelled
44,34,309,2025-05-10,1AC,1417,Confirmed
45,4,491,2024-10-18,1AC,973,Cancelled
46,7,503,2024-08-23,1AC,250,Confirmed
47,21,623,2024-12-20,3AC,234,Confirmed
48,18,640,2024-09-04,2AC,880,Cancelled
49,34,302,2024-10-29,1AC,1135,Cancelled
50,28,102,2025-04-19,Sleeper,1846,Cancelled
51,42,788,2024-09-22,3AC,980,Waiting
52,15,424,2024-10-24,2AC,1794,Waiting
53,26,426,2024-09-30,Sleeper,740,Waiting
54,21,682,2025-05-21,2AC,866,Confirmed
55,44,486,2025-01-31,Sleeper,286,Confirmed
56,6,443,2025-03-13,Sleeper,1624,Cancelled
57,24,134,2025-05-21,Sleeper,1301,Cancelled
58,36,338,2024-09-29,Sleeper,941,Waiting
59,43,769,2025-01-15,1AC,1877,Cancelled
60,4,295,2024-06-17,2AC,820,Confirmed
61,37,520,2024-12-31,3AC,416,Cancelled
62,31,230,2024-08-27,Sleeper,817,Cancelled
63,24,118,2024-07-17,2AC,1275,Confirmed
64,28,575,2024-09-15,Sleeper,1347,Cancelled
65,45,274,2025-03-20,Sleeper,469,Waiting
66,45,781,2024-11-18,2AC,1987,Waiting
67,23,7,2024-12-20,3AC,1881,Confirmed
68,37,674,2025-01-15,1AC,242,Confirmed
69,48,649,2025-04-04,Sleeper,287,Cancelled
70,34,221,2024-09-15,1AC,959,Waiting
71,22,162,2025-03-09,2AC,738,Cancelled
72,21,796,2024-12-15,Sleeper,1909,Confirmed
73,10,162,2025-02-19,Sleeper,1480,Confirmed
74,18,454,2025-03-17,1AC,1094,Cancelled
75,29,425,2024-12-21,2AC,541,Cancelled
76,8,354,2024-12-05,1AC,327,Waiting
77,44,695,2025-04-17,1AC,1179,Cancelled
78,20,47,2024-06-20,3AC,909,Cancelled
79,4,8,2024-07-20,3AC,717,Confirmed
80,50,141,2024-10-06,2AC,692,Waiting
81,8,8,2024-09-08,1AC,1629,Waiting
82,12,133,2024-11-18,1AC,1190,Cancelled
83,15,513,2025-03-09,2AC,247,Waiting
84,48,44,2024-09-16,1AC,138,Waiting
85,5,321,2024-10-10,1AC,1274,Waiting
86,46,656,2025-02-26,1AC,692,Confirmed
87,26,22,2025-01-25,2AC,451,Cancelled
88,30,707,2024-11-04,2AC,280,Waiting
89,7,250,2024-12-14,1AC,1306,Waiting
90,34,81,2025-01-14,1AC,1882,Waiting
91,48,348,2025-01-06,3AC,782,Confirmed
92,5,523,2024-10-25,Sleeper,1186,Cancelled
93,13,795,2024-11-26,2AC,819,Cancelled
94,42,152,2025-03-30,3AC,310,Confirmed
95,17,203,2025-01-13,3AC,1333,Confirmed
96,49,778,2024-10-20,Sleeper,462,Cancelled
97,32,476,2024-10-28,1AC,1494,Cancelled
98,42,651,2025-03-13,2AC,1869,Cancelled
99,21,155,2024-12-07,1AC,239,Waiting
100,29,647,2024-09-27,2AC,1730,Waiting
101,38,58,2024-10-11,2AC,1139,Confirmed
102,20,473,2024-09-19,1AC,177,Confirmed
103,24,294,2024-09-11,Sleeper,1420,Confirmed
104,40,609,2024-07-30,1AC,1047,Cancelled
105,36,757,2025-03-21,Sleeper,1021,Cancelled
106,42,193,2024-08-27,2AC,1339,Waiting
107,33,155,2024-10-14,Sleeper,1022,Confirmed
108,22,732,2024-07-30,Sleeper,1133,Cancelled
109,12,41,2025-03-29,3AC,1549,Waiting
110,29,537,2025-01-08,3AC,845,Waiting
111,19,397,2025-04-06,1AC,1686,Waiting
112,44,613,2025-03-09,Sleeper,1716,Cancelled
113,42,343,2024-08-24,Sleeper,775,Confirmed
114,36,695,2024-08-27,1AC,681,Waiting
115,47,673,2024-09-06,3AC,782,Confirmed
116,38,680,2025-03-27,3AC,1977,Waiting
117,20,672,2024-12-19,1AC,364,Cancelled
118,46,87,2024-09-29,2AC,1244,Waiting
119,42,337,2025-03-22,3AC,1472,Cancelled
120,48,702,2025-01-28,Sleeper,1423,Cancelled
121,28,521,2025-04-05,2AC,137,Waiting
122,20,185,2025-01-03,3AC,799,Waiting
123,13,232,2025-01-31,3AC,417,Confirmed
124,19,104,2024-10-01,Sleeper,1455,Waiting
125,50,633,2024-07-23,3AC,1323,Waiting
126,10,167,2025-05-03,3AC,1802,Cancelled
127,50,640,2024-08-28,3AC,1576,Waiting
128,3,421,2024-10-07,2AC,1485,Cancelled
129,16,455,2024-09-10,2AC,1640,Cancelled
130,29,240,2024-11-01,3AC,733,Waiting
131,13,377,2024-08-22,1AC,1045,Waiting
132,50,392,2024-10-09,1AC,431,Confirmed
133,39,142,2024-06-19,2AC,206,Cancelled
134,31,381,2025-03-15,Sleeper,1556,Cancelled
135,8,292,2025-01-07,Sleeper,1662,Confirmed
136,18,461,2024-08-02,3AC,1801,Waiting
137,6,228,2024-09-28,1AC,1911,Waiting
138,2,425,2024-07-01,Sleeper,911,Cancelled
139,24,242,2024-07-05,1AC,267,Waiting
140,15,29,2025-01-14,2AC,302,Cancelled
141,42,344,2024-10-05,3AC,381,Confirmed
142,19,484,2025-03-11,3AC,1654,Cancelled
143,31,460,2024-08-02,Sleeper,1955,Confirmed
144,2,263,2025-02-16,3AC,1810,Confirmed
145,36,745,2025-05-17,1AC,327,Waiting
146,16,309,2025-04-02,Sleeper,197,Confirmed
147,27,655,2024-12-21,1AC,228,Confirmed
148,32,612,2024-07-23,Sleeper,1394,Cancelled
149,37,248,2025-05-18,3AC,696,Waiting
150,1,630,2024-06-18,2AC,592,Cancelled
151,27,192,2025-01-22,Sleeper,1172,Waiting
152,5,539,2024-10-02,Sleeper,899,Waiting
153,3,651,2024-12-13,1AC,864,Waiting
154,48,17,2024-12-16,2AC,1714,Confirmed
155,23,247,2024-12-02,Sleeper,1680,Cancelled
156,48,775,2024-10-24,2AC,373,Confirmed
157,23,560,2024-08-24,2AC,1766,Cancelled
158,12,798,2024-07-03,1AC,1524,Waiting
159,41,187,2024-09-20,3AC,229,Cancelled
160,50,469,2025-06-14,Sleeper,700,Confirmed
161,3,205,2025-05-14,Sleeper,746,Waiting
162,33,408,2024-12-16,1AC,618,Confirmed
163,49,663,2024-07-28,3AC,685,Waiting
164,50,49,2025-04-29,2AC,659,Confirmed
165,24,448,2024-07-09,1AC,1622,Waiting
166,25,348,2024-11-16,3AC,1116,Cancelled
167,32,377,2024-12-21,2AC,1740,Confirmed
168,47,435,2024-07-12,Sleeper,981,Cancelled
169,12,559,2025-01-24,2AC,757,Confirmed
170,6,336,2025-02-13,2AC,727,Waiting
171,39,735,2025-03-07,1AC,441,Cancelled
172,29,360,2024-07-04,1AC,186,Cancelled
173,23,630,2024-08-11,1AC,662,Cancelled
174,4,77,2024-08-10,1AC,844,Cancelled
175,48,696,2025-04-25,3AC,163,Confirmed
176,39,695,2025-01-18,1AC,171,Confirmed
177,5,242,2024-10-09,2AC,841,Waiting
178,37,34,2024-07-17,3AC,1490,Waiting
179,24,381,2024-09-18,1AC,1662,Confirmed
180,37,141,2024-07-30,2AC,915,Waiting
181,42,286,2025-01-16,3AC,332,Confirmed
182,48,191,2025-04-06,1AC,1160,Waiting
183,36,121,2024-11-22,2AC,1687,Waiting
184,46,457,2025-02-04,3AC,1353,Waiting
185,45,503,2025-01-31,3AC,351,Confirmed
186,5,463,2025-04-17,3AC,1940,Cancelled
187,29,90,2025-02-09,2AC,1467,Waiting
188,46,67,2024-09-09,2AC,1925,Waiting
189,11,729,2025-04-11,3AC,1725,Waiting
190,33,230,2025-01-02,Sleeper,511,Confirmed
191,16,506,2024-11-08,Sleeper,839,Cancelled
192,37,378,2024-12-05,1AC,1745,Cancelled
193,9,627,2025-06-01,Sleeper,234,Waiting
194,26,735,2024-12-02,1AC,1176,Waiting
195,50,420,2024-10-07,Sleeper,356,Waiting
196,42,76,2025-05-14,1AC,1054,Cancelled
197,34,353,2025-01-28,3AC,1898,Cancelled
198,41,602,2024-11-27,3AC,1672,Confirmed
199,28,515,2024-10-10,Sleeper,1802,Confirmed
200,34,157,2025-01-20,2AC,437,Confirmed
201,21,727,2025-02-10,3AC,808,Cancelled
202,19,81,2024-07-07,2AC,502,Cancelled
203,36,282,2025-02-05,3AC,1380,Waiting
204,40,547,2025-03-28,Sleeper,1129,Cancelled
205,11,607,2024-07-22,3AC,450,Cancelled
206,40,738,2025-04-06,2AC,1825,Cancelled
207,3,30,2024-09-02,Sleeper,193,Cancelled
208,50,591,2025-02-11,2AC,1433,Confirmed
209,50,586,2024-09-03,1AC,1365,Cancelled
210,2,510,2024-09-24,2AC,1414,Waiting
211,31,251,2025-02-25,1AC,709,Waiting
212,5,706,2024-07-15,Sleeper,423,Waiting
213,27,496,2024-08-13,1AC,517,Waiting
214,39,148,2024-09-15,2AC,1864,Cancelled
215,21,752,2024-08-20,2AC,916,Confirmed
216,49,380,2025-01-14,Sleeper,753,Confirmed
217,30,126,2024-07-13,2AC,1020,Confirmed
218,10,100,2024-08-13,Sleeper,694,Waiting
219,40,429,2024-06-15,3AC,1872,Confirmed
220,21,592,2024-11-19,2AC,488,Confirmed
221,32,528,2024-12-05,1AC,1121,Waiting
222,32,24,2025-03-08,Sleeper,905,Cancelled
223,30,247,2025-01-30,3AC,1294,Waiting
224,4,52,2024-12-13,2AC,1113,Cancelled
225,42,689,2024-10-05,1AC,685,Cancelled
226,1,111,2024-06-26,1AC,374,Waiting
227,47,375,2024-09-11,1AC,849,Confirmed
228,26,53,2024-10-03,3AC,842,Cancelled
229,19,76,2025-03-15,1AC,1132,Waiting
230,49,564,2024-10-01,2AC,1790,Cancelled
231,44,626,2025-03-14,Sleeper,363,Confirmed
232,26,383,2025-05-13,2AC,1242,Waiting
233,49,148,2024-12-07,3AC,1333,Cancelled
234,26,513,2024-07-11,Sleeper,192,Confirmed
235,9,731,2025-03-07,2AC,1746,Waiting
236,34,468,2024-09-12,3AC,1341,Cancelled
237,9,336,2025-06-07,2AC,432,Waiting
238,40,758,2024-09-24,2AC,1315,Waiting
239,33,522,2025-04-15,1AC,1551,Cancelled
240,20,487,2025-04-17,Sleeper,854,Waiting
241,44,113,2025-02-11,1AC,1295,Waiting
242,47,705,2025-01-29,Sleeper,1322,Waiting
243,17,672,2025-02-25,3AC,1577,Confirmed
244,38,492,2025-04-22,3AC,1173,Cancelled
245,47,635,2025-06-11,1AC,402,Cancelled
246,16,33,2024-08-29,Sleeper,490,Confirmed
247,29,322,2024-11-26,1AC,410,Waiting
248,45,209,2024-07-28,1AC,1127,Cancelled
249,31,754,2025-01-11,Sleeper,1545,Confirmed
250,34,213,2024-09-09,2AC,1456,Waiting
251,34,386,2025-02-20,2AC,454,Waiting
252,35,351,2024-08-10,2AC,1484,Cancelled
253,44,659,2025-06-01,2AC,1349,Waiting
254,13,253,2024-09-25,2AC,1242,Waiting
255,15,305,2025-05-01,2AC,1543,Confirmed
256,45,722,2024-08-08,1AC,749,Waiting
257,23,574,2024-07-11,2AC,689,Confirmed
258,37,693,2024-07-07,1AC,1934,Waiting
259,23,792,2024-08-17,3AC,694,Confirmed
260,19,732,2025-04-17,Sleeper,809,Waiting
261,42,263,2024-10-11,1AC,538,Confirmed
262,35,278,2025-01-31,2AC,381,Confirmed
263,40,759,2025-03-31,3AC,596,Confirmed
264,43,544,2025-04-30,3AC,1406,Confirmed
265,4,103,2025-01-21,1AC,776,Cancelled
266,31,103,2025-06-06,3AC,110,Cancelled
267,11,417,2024-10-04,1AC,1077,Cancelled
268,13,775,2024-12-01,2AC,757,Waiting
269,42,61,2024-08-01,Sleeper,1435,Cancelled
270,15,548,2024-12-13,Sleeper,1970,Confirmed
271,27,181,2025-03-08,Sleeper,1812,Waiting
272,32,191,2024-10-10,2AC,1895,Confirmed
273,1,306,2025-03-12,Sleeper,786,Waiting
274,30,657,2024-11-17,1AC,1921,Confirmed
275,33,480,2024-09-27,2AC,494,Confirmed
276,22,167,2024-12-25,1AC,1427,Waiting
277,46,191,2025-01-09,Sleeper,1608,Waiting
278,19,582,2024-12-22,3AC,459,Cancelled
279,41,416,2024-12-01,1AC,1155,Waiting
280,6,411,2024-07-15,Sleeper,478,Confirmed
281,31,332,2025-02-01,3AC,113,Waiting
282,25,242,2024-06-29,1AC,1643,Waiting
283,22,310,2025-05-25,Sleeper,635,Cancelled
284,24,710,2024-11-28,3AC,227,Cancelled
285,8,477,2025-03-26,2AC,427,Waiting
286,44,515,2024-10-17,2AC,1513,Confirmed
287,41,303,2025-02-03,2AC,1358,Confirmed
288,15,137,2024-09-19,1AC,413,Waiting
289,48,621,2024-06-24,2AC,951,Cancelled
290,36,483,2024-07-19,3AC,1660,Confirmed
291,44,773,2024-09-10,Sleeper,1176,Waiting
292,34,721,2025-03-02,2AC,259,Cancelled
293,8,64,2025-05-04,3AC,1272,Cancelled
294,10,169,2025-05-14,2AC,1849,Cancelled
295,29,120,2025-01-23,3AC,1568,Cancelled
296,32,94,2025-01-28,1AC,1756,Confirmed
297,30,136,2024-06-22,1AC,1035,Cancelled
298,4,573,2025-04-07,1AC,1477,Waiting
299,47,23,2025-03-02,1AC,621,Confirmed
300,48,224,2025-04-29,Sleeper,192,Waiting
301,23,718,2024-09-26,Sleeper,1208,Confirmed
302,5,484,2025-01-23,Sleeper,687,Waiting
303,12,788,2024-06-29,3AC,1668,Cancelled
304,47,662,2025-04-06,1AC,866,Waiting
305,29,387,2025-04-03,1AC,264,Cancelled
306,43,553,2024-08-21,3AC,1438,Waiting
307,8,183,2024-12-13,1AC,1183,Confirmed
308,47,229,2025-01-01,Sleeper,1648,Confirmed
309,20,475,2025-02-22,1AC,1189,Waiting
310,15,254,2024-12-02,1AC,808,Confirmed
311,18,194,2025-06-04,Sleeper,165,Cancelled
312,27,630,2024-09-30,Sleeper,592,Confirmed
313,5,104,2024-08-23,Sleeper,1014,Cancelled
314,44,721,2025-01-27,Sleeper,601,Cancelled
315,3,412,2024-11-30,1AC,579,Cancelled
316,14,773,2025-02-15,Sleeper,386,Cancelled
317,19,240,2025-04-26,2AC,1282,Cancelled
318,50,689,2024-12-21,2AC,585,Waiting
319,10,677,2024-07-19,3AC,946,Waiting
320,18,63,2024-12-13,3AC,1382,Cancelled
321,28,570,2024-10-27,1AC,196,Waiting
322,42,688,2024-11-19,1AC,1709,Cancelled
323,21,714,2024-10-21,1AC,936,Confirmed
324,20,386,2024-10-16,3AC,1645,Cancelled
325,31,247,2025-03-01,3AC,715,Cancelled
326,10,475,2024-07-24,Sleeper,1251,Waiting
327,27,571,2025-05-13,3AC,895,Confirmed
328,17,209,2024-08-15,2AC,1424,Confirmed
329,29,380,2024-10-20,Sleeper,1196,Cancelled
330,13,53,2024-11-20,2AC,872,Cancelled
331,39,618,2025-03-10,Sleeper,1889,Confirmed
332,13,780,2024-12-23,3AC,1081,Confirmed
333,22,311,2024-10-03,Sleeper,533,Confirmed
334,48,121,2025-02-26,1AC,1972,Confirmed
335,45,619,2024-11-16,3AC,912,Confirmed
336,36,330,2025-04-25,2AC,879,Waiting
337,35,665,2025-04-05,2AC,731,Waiting
338,24,526,2025-01-13,1AC,1054,Confirmed
339,47,481,2024-06-28,2AC,1972,Confirmed
340,24,321,2024-12-07,1AC,193,Cancelled
341,15,760,2024-07-18,3AC,133,Waiting
342,36,599,2024-10-14,1AC,704,Confirmed
343,13,338,2024-09-20,3AC,877,Cancelled
344,16,512,2024-10-17,2AC,627,Waiting
345,47,658,2024-07-29,1AC,1043,Confirmed
346,47,361,2025-04-10,3AC,386,Cancelled
347,35,501,2024-11-17,3AC,1977,Cancelled
348,42,61,2025-05-15,Sleeper,1818,Confirmed
349,43,50,2024-12-30,Sleeper,944,Confirmed
350,41,237,2025-04-30,Sleeper,1548,Confirmed
351,1,224,2024-06-14,1AC,864,Confirmed
352,40,654,2025-02-24,1AC,1450,Waiting
353,2,7,2025-05-17,1AC,124,Confirmed
354,34,740,2025-01-10,2AC,1197,Waiting
355,2,515,2024-12-10,1AC,1751,Confirmed
356,7,99,2024-11-21,3AC,593,Confirmed
357,40,540,2024-07-05,2AC,1769,Waiting
358,18,407,2024-08-25,Sleeper,864,Waiting
359,30,579,2025-01-01,3AC,1527,Confirmed
360,20,701,2024-11-01,Sleeper,1438,Cancelled
361,49,33,2025-02-10,Sleeper,930,Waiting
362,25,566,2025-04-03,1AC,214,Cancelled
363,1,720,2024-12-24,3AC,269,Waiting
364,28,661,2025-02-11,2AC,1258,Confirmed
365,34,44,2024-12-02,3AC,532,Cancelled
366,37,487,2025-04-05,2AC,195,Confirmed
367,44,288,2024-07-04,Sleeper,467,Waiting
368,2,213,2024-09-01,3AC,1640,Cancelled
369,26,79,2024-09-25,2AC,432,Cancelled
370,16,581,2025-01-13,1AC,1486,Cancelled
371,22,394,2024-08-03,3AC,1718,Cancelled
372,47,81,2025-06-09,2AC,209,Confirmed
373,28,238,2024-10-03,Sleeper,797,Cancelled
374,50,629,2024-12-01,1AC,1684,Waiting
375,2,650,2025-05-22,2AC,1704,Waiting
376,32,234,2025-03-12,2AC,1232,Waiting
377,28,191,2024-12-19,1AC,275,Cancelled
378,19,253,2024-07-31,Sleeper,268,Waiting
379,10,390,2024-06-25,3AC,1614,Waiting
380,21,370,2025-02-13,Sleeper,287,Confirmed
381,20,456,2025-02-05,2AC,1659,Waiting
382,7,136,2025-04-20,Sleeper,483,Waiting
383,29,571,2024-09-14,1AC,311,Confirmed
384,6,363,2025-03-16,Sleeper,1322,Cancelled
385,21,395,2024-08-14,Sleeper,697,Waiting
386,25,798,2024-10-12,Sleeper,1584,Cancelled
387,16,586,2025-01-13,3AC,1503,Waiting
388,11,143,2024-06-19,2AC,716,Waiting
389,32,150,2025-01-14,Sleeper,442,Waiting
390,18,432,2024-11-19,2AC,1091,Confirmed
391,24,258,2024-07-20,3AC,1576,Cancelled
392,32,609,2024-09-09,3AC,1037,Confirmed
393,9,312,2025-05-06,Sleeper,910,Waiting
394,40,390,2025-06-03,2AC,1001,Waiting
395,28,667,2024-07-28,3AC,715,Waiting
396,39,712,2024-12-10,3AC,1081,Waiting
397,12,408,2024-07-29,2AC,696,Cancelled
398,45,649,2025-02-20,1AC,1279,Confirmed
399,21,386,2025-05-03,2AC,1772,Waiting
400,24,117,2024-08-12,3AC,1312,Cancelled
401,12,699,2024-12-24,Sleeper,1589,Waiting
402,46,215,2025-06-11,1AC,1733,Waiting
403,45,71,2025-03-19,1AC,1478,Waiting
404,9,649,2024-10-05,2AC,595,Waiting
405,43,158,2024-12-28,1AC,1716,Waiting
406,5,460,2025-03-14,1AC,1292,Waiting
407,35,519,2024-09-28,1AC,1213,Confirmed
408,24,719,2024-11-22,Sleeper,323,Confirmed
409,43,681,2025-05-04,2AC,440,Cancelled
410,40,46,2024-12-18,1AC,1641,Waiting
411,28,109,2024-12-14,Sleeper,301,Waiting
412,15,523,2024-09-16,3AC,1012,Waiting
413,26,475,2024-12-08,3AC,806,Confirmed
414,31,108,2025-01-14,2AC,951,Confirmed
415,8,748,2024-08-09,3AC,813,Waiting
416,22,467,2024-11-09,3AC,1167,Waiting
417,23,488,2024-08-27,Sleeper,997,Cancelled
418,45,464,2025-06-07,2AC,237,Waiting
419,3,728,2025-02-01,Sleeper,146,Waiting
420,42,112,2024-12-28,3AC,1616,Confirmed
421,34,179,2025-03-30,3AC,777,Cancelled
422,28,474,2025-05-21,3AC,1733,Waiting
423,41,189,2024-08-06,3AC,1411,Cancelled
424,28,406,2025-05-15,Sleeper,1610,Cancelled
425,13,461,2024-07-11,1AC,896,Confirmed
426,46,220,2024-09-29,3AC,670,Cancelled
427,5,592,2025-04-10,Sleeper,1737,Cancelled
428,12,375,2025-04-16,2AC,503,Waiting
429,8,269,2025-05-11,1AC,1180,Cancelled
430,21,612,2024-11-22,1AC,1351,Waiting
431,38,117,2024-10-23,2AC,820,Waiting
432,40,177,2025-06-11,2AC,1981,Cancelled
433,38,87,2025-04-15,3AC,741,Confirmed
434,16,313,2024-12-28,Sleeper,474,Waiting
435,45,145,2024-09-25,1AC,956,Cancelled
436,9,589,2025-04-28,1AC,966,Confirmed
437,32,651,2024-06-14,3AC,1236,Confirmed
438,32,296,2024-10-01,3AC,483,Waiting
439,29,635,2025-03-22,Sleeper,1872,Waiting
440,1,497,2024-10-07,3AC,499,Waiting
441,36,518,2025-05-05,1AC,937,Cancelled
442,32,426,2025-01-27,1AC,1100,Confirmed
443,6,579,2025-01-25,Sleeper,1729,Confirmed
444,19,34,2025-02-25,2AC,560,Cancelled
445,19,173,2024-12-21,1AC,1258,Cancelled
446,50,785,2025-05-16,1AC,1225,Cancelled
447,8,587,2024-08-10,Sleeper,648,Cancelled
448,24,556,2024-12-04,Sleeper,1656,Cancelled
449,29,560,2025-01-09,3AC,970,Confirmed
450,48,670,2024-12-19,3AC,709,Confirmed
451,29,270,2024-10-26,2AC,1865,Confirmed
452,29,121,2024-10-21,3AC,529,Cancelled
453,38,706,2025-01-14,2AC,1863,Cancelled
454,40,648,2025-04-06,1AC,439,Cancelled
455,9,212,2025-01-11,3AC,1749,Confirmed
456,37,360,2024-11-07,2AC,1322,Cancelled
457,11,332,2024-12-07,2AC,692,Cancelled
458,18,527,2025-06-11,Sleeper,377,Waiting
459,4,284,2024-10-16,3AC,1536,Confirmed
460,16,150,2025-05-17,2AC,1796,Confirmed
461,49,693,2024-08-26,1AC,1102,Confirmed
462,37,648,2025-03-11,2AC,1385,Waiting
463,25,463,2024-09-14,Sleeper,1397,Confirmed
464,26,528,2025-01-22,2AC,1522,Waiting
465,30,500,2024-11-09,2AC,1291,Confirmed
466,50,751,2024-09-12,Sleeper,1596,Waiting
467,41,681,2025-05-12,2AC,1841,Confirmed
468,35,408,2025-04-11,3AC,979,Confirmed
469,32,275,2024-11-20,2AC,1796,Waiting
470,22,561,2024-06-30,3AC,1259,Waiting
471,22,699,2024-10-15,Sleeper,194,Confirmed
472,41,471,2025-03-30,Sleeper,354,Confirmed
473,29,468,2024-12-14,Sleeper,976,Confirmed
474,45,136,2025-03-14,2AC,425,Waiting
475,6,671,2025-06-03,2AC,612,Confirmed
476,24,681,2025-04-25,3AC,206,Waiting
477,41,313,2024-11-09,3AC,979,Cancelled
478,6,721,2024-11-10,Sleeper,102,Confirmed
479,31,80,2025-02-26,3AC,1315,Confirmed
480,34,697,2025-04-17,1AC,119,Confirmed
481,45,352,2025-04-28,Sleeper,1861,Waiting
482,45,136,2025-02-22,1AC,245,Confirmed
483,25,92,2024-08-12,Sleeper,311,Waiting
484,24,307,2024-12-23,3AC,883,Confirmed
485,42,694,2024-06-28,3AC,240,Cancelled
486,37,9,2024-08-02,3AC,1001,Waiting
487,47,219,2024-12-26,3AC,1983,Waiting
488,40,704,2025-01-29,1AC,1861,Confirmed
489,6,103,2024-10-20,3AC,1641,Confirmed
490,38,748,2025-05-17,1AC,819,Waiting
491,21,144,2024-07-22,3AC,667,Cancelled
492,6,255,2025-05-19,2AC,1695,Cancelled
493,2,675,2025-05-08,2AC,520,Cancelled
494,39,522,2024-12-01,3AC,1631,Waiting
495,19,662,2024-07-22,Sleeper,1705,Confirmed
496,32,396,2025-01-04,Sleeper,593,Waiting
497,41,609,2025-06-02,Sleeper,1181,Confirmed
498,24,325,2024-12-08,3AC,892,Cancelled
499,27,375,2024-06-19,3AC,1662,Waiting
500,50,75,2025-03-21,Sleeper,1302,Confirmed
501,1,269,2024-08-08,3AC,181,Confirmed
502,26,519,2024-11-20,2AC,1387,Cancelled
503,33,786,2025-05-18,1AC,967,Cancelled
504,26,85,2025-02-23,3AC,668,Confirmed
505,20,81,2024-08-12,3AC,1754,Confirmed
506,35,335,2024-07-13,1AC,1301,Cancelled
507,49,666,2024-12-13,Sleeper,735,Cancelled
508,28,748,2025-04-13,3AC,218,Confirmed
509,6,445,2024-09-24,Sleeper,1028,Cancelled
510,39,57,2024-10-23,2AC,1464,Cancelled
511,43,759,2025-02-11,3AC,344,Confirmed
512,46,141,2025-03-10,Sleeper,435,Waiting
513,23,536,2024-11-15,2AC,441,Waiting
514,9,768,2025-02-21,2AC,1601,Confirmed
515,50,31,2024-07-15,2AC,1752,Waiting
516,18,537,2025-05-10,Sleeper,638,Cancelled
517,37,643,2024-10-19,Sleeper,1116,Waiting
518,33,369,2025-05-11,Sleeper,1123,Cancelled
519,11,377,2025-03-02,3AC,622,Confirmed
520,37,691,2025-05-13,Sleeper,567,Cancelled
521,33,3,2025-01-07,Sleeper,1858,Confirmed
522,16,48,2024-11-08,1AC,845,Waiting
523,10,184,2024-10-14,Sleeper,1232,Cancelled
524,48,672,2025-02-12,1AC,559,Waiting
525,16,427,2025-03-20,2AC,655,Confirmed
526,37,382,2025-05-24,Sleeper,1128,Cancelled
527,4,184,2025-04-04,3AC,1747,Cancelled
528,3,411,2024-12-20,Sleeper,1896,Waiting
529,19,793,2025-05-18,2AC,770,Confirmed
530,36,468,2025-01-10,Sleeper,855,Confirmed
531,19,578,2024-06-27,2AC,1614,Cancelled
532,16,476,2025-02-08,2AC,1311,Waiting
533,50,795,2024-07-10,3AC,1600,Cancelled
534,49,252,2024-09-13,3AC,113,Waiting
535,2,239,2025-02-14,2AC,1402,Cancelled
536,1,344,2025-03-06,Sleeper,1654,Cancelled
537,25,756,2025-06-06,2AC,312,Confirmed
538,34,244,2024-10-03,1AC,1107,Confirmed
539,10,729,2024-09-10,2AC,290,Confirmed
540,15,533,2025-03-31,1AC,1535,Waiting
541,30,766,2024-07-19,Sleeper,1289,Confirmed
542,33,137,2024-11-29,1AC,253,Cancelled
543,37,64,2024-07-22,1AC,1456,Confirmed
544,16,299,2025-04-05,2AC,1842,Waiting
545,26,718,2025-02-15,2AC,751,Waiting
546,18,240,2025-03-14,Sleeper,515,Confirmed
547,50,789,2025-05-18,Sleeper,418,Confirmed
548,11,461,2024-07-23,1AC,743,Waiting
549,8,549,2024-12-03,2AC,1677,Confirmed
550,29,316,2024-08-17,1AC,642,Confirmed
551,6,162,2025-03-10,2AC,1792,Cancelled
552,45,618,2024-10-08,Sleeper,540,Waiting
553,10,94,2025-05-30,3AC,828,Waiting
554,33,51,2024-06-25,2AC,632,Confirmed
555,2,415,2024-07-01,1AC,1238,Cancelled
556,36,256,2024-10-17,Sleeper,1046,Confirmed
557,9,125,2025-04-19,Sleeper,226,Confirmed
558,9,203,2024-07-05,1AC,862,Cancelled
559,41,661,2024-10-05,Sleeper,1292,Cancelled
560,17,77,2024-10-31,Sleeper,232,Confirmed
561,42,455,2024-11-06,3AC,288,Waiting
562,8,44,2024-11-28,1AC,203,Confirmed
563,37,444,2024-08-09,1AC,1116,Confirmed
564,25,700,2024-09-16,1AC,453,Waiting
565,14,192,2025-01-06,2AC,673,Waiting
566,10,36,2024-11-21,3AC,1425,Waiting
567,32,422,2025-01-19,1AC,224,Confirmed
568,18,393,2025-03-05,3AC,958,Confirmed
569,42,539,2025-04-17,3AC,1391,Cancelled
570,2,392,2024-08-22,2AC,1082,Cancelled
571,32,353,2024-08-19,2AC,895,Waiting
572,12,27,2024-08-20,2AC,1322,Confirmed
573,2,798,2024-07-14,2AC,219,Waiting
574,34,367,2025-02-05,3AC,426,Confirmed
575,16,673,2025-05-18,3AC,645,Cancelled
576,48,58,2024-11-09,3AC,1279,Waiting
577,23,178,2025-02-09,3AC,584,Cancelled
578,21,756,2025-03-06,2AC,1971,Cancelled
579,2,721,2024-09-15,2AC,1262,Cancelled
580,10,577,2024-12-24,3AC,1813,Waiting
581,35,317,2025-06-03,3AC,1104,Confirmed
582,6,58,2025-01-26,3AC,1332,Confirmed
583,2,540,2024-08-08,1AC,101,Waiting
584,40,207,2024-09-12,3AC,797,Cancelled
585,12,332,2024-12-10,Sleeper,144,Confirmed
586,38,722,2025-02-16,3AC,1685,Confirmed
587,34,374,2024-09-20,Sleeper,865,Cancelled
588,43,406,2024-12-09,Sleeper,789,Waiting
589,21,140,2024-09-21,3AC,1599,Waiting
590,41,499,2025-02-27,2AC,456,Cancelled
591,36,711,2024-06-17,2AC,557,Cancelled
592,38,180,2025-05-29,1AC,728,Cancelled
593,45,302,2025-04-22,3AC,463,Cancelled
594,1,719,2024-12-11,1AC,1842,Cancelled
595,3,187,2025-05-29,2AC,1986,Cancelled
596,15,655,2024-10-03,Sleeper,1116,Confirmed
597,22,764,2025-03-04,Sleeper,587,Waiting
598,21,172,2025-01-12,Sleeper,1782,Cancelled
599,43,655,2024-08-14,2AC,1014,Confirmed
600,17,215,2024-07-12,3AC,1519,Confirmed
601,23,263,2024-12-02,Sleeper,1575,Confirmed
602,4,396,2024-10-26,1AC,1600,Waiting
603,11,424,2025-01-28,1AC,1905,Waiting
604,23,560,2024-10-08,1AC,307,Waiting
605,37,667,2025-02-17,3AC,433,Waiting
606,5,35,2024-11-25,2AC,141,Waiting
607,17,108,2025-03-09,Sleeper,800,Confirmed
608,25,165,2024-09-19,Sleeper,1220,Confirmed
609,22,609,2024-12-08,1AC,1542,Confirmed
610,28,670,2025-05-08,3AC,1343,Waiting
611,11,55,2024-10-09,Sleeper,778,Confirmed
612,13,420,2024-08-30,2AC,1452,Waiting
613,20,244,2024-11-10,Sleeper,201,Waiting
614,37,563,2025-05-11,1AC,414,Confirmed
615,24,4,2024-12-18,1AC,279,Waiting
616,43,641,2024-07-25,1AC,508,Confirmed
617,2,212,2024-09-14,3AC,1407,Waiting
618,6,485,2024-11-09,Sleeper,731,Waiting
619,31,501,2025-01-22,2AC,286,Cancelled
620,35,397,2024-10-31,3AC,859,Waiting
621,24,192,2025-01-23,1AC,191,Waiting
622,29,477,2024-10-06,2AC,563,Waiting
623,37,64,2025-03-12,3AC,1640,Cancelled
624,43,100,2024-10-06,Sleeper,1468,Waiting
625,35,424,2024-06-22,3AC,1233,Confirmed
626,25,536,2025-05-02,1AC,1196,Cancelled
627,31,587,2025-02-24,3AC,1075,Waiting
628,6,405,2024-11-14,Sleeper,1128,Cancelled
629,34,586,2024-09-28,3AC,346,Waiting
630,12,172,2024-06-17,3AC,1755,Confirmed
631,9,44,2025-01-19,1AC,260,Cancelled
632,28,207,2025-05-15,3AC,1808,Cancelled
633,17,328,2025-03-07,Sleeper,278,Waiting
634,36,407,2025-04-12,2AC,1854,Waiting
635,34,470,2025-03-30,Sleeper,1710,Cancelled
636,40,602,2024-07-03,1AC,330,Waiting
637,10,152,2025-06-02,Sleeper,1994,Confirmed
638,37,799,2025-02-04,Sleeper,1709,Waiting
639,35,353,2025-03-30,1AC,640,Waiting
640,42,498,2024-12-23,1AC,176,Confirmed
641,18,413,2025-05-03,3AC,1366,Cancelled
642,44,711,2025-05-31,1AC,179,Waiting
643,22,708,2025-05-30,3AC,200,Cancelled
644,31,276,2024-10-03,2AC,141,Waiting
645,20,319,2025-04-11,2AC,1826,Waiting
646,45,702,2025-04-20,Sleeper,1879,Confirmed
647,9,308,2024-09-11,1AC,1685,Waiting
648,18,747,2025-02-04,1AC,1338,Cancelled
649,6,193,2025-04-21,1AC,532,Waiting
650,48,497,2024-10-28,2AC,1781,Confirmed
651,33,163,2024-09-07,Sleeper,737,Cancelled
652,33,414,2025-02-16,3AC,1698,Cancelled
653,37,30,2024-08-26,3AC,494,Confirmed
654,4,256,2025-02-10,Sleeper,1034,Confirmed
655,24,722,2024-09-19,3AC,661,Waiting
656,30,518,2025-03-04,1AC,1401,Confirmed
657,44,32,2025-04-03,3AC,862,Waiting
658,39,457,2025-03-20,3AC,1882,Waiting
659,38,565,2025-04-08,2AC,805,Confirmed
660,17,767,2025-02-25,Sleeper,683,Confirmed
661,25,51,2025-03-05,3AC,1848,Cancelled
662,50,220,2025-05-05,3AC,1425,Confirmed
663,44,212,2024-08-06,2AC,1434,Waiting
664,33,21,2025-02-12,Sleeper,1070,Confirmed
665,42,178,2024-07-21,Sleeper,558,Waiting
666,39,313,2025-05-30,2AC,967,Waiting
667,23,471,2025-02-12,2AC,546,Waiting
668,20,694,2025-02-20,1AC,1297,Confirmed
669,1,524,2024-06-29,2AC,1249,Cancelled
670,39,624,2024-10-11,2AC,711,Cancelled
671,7,494,2025-04-16,Sleeper,788,Waiting
672,41,333,2024-12-02,2AC,634,Cancelled
673,46,668,2024-06-26,2AC,485,Confirmed
674,34,784,2025-01-25,3AC,1942,Confirmed
675,39,414,2024-11-02,2AC,1494,Confirmed
676,47,27,2025-03-25,1AC,705,Waiting
677,27,415,2024-08-04,1AC,1608,Confirmed
678,38,726,2024-07-19,3AC,802,Cancelled
679,46,228,2025-06-02,1AC,1956,Cancelled
680,23,520,2024-10-06,2AC,1831,Confirmed
681,43,572,2024-10-18,3AC,701,Confirmed
682,31,132,2025-03-31,2AC,1585,Cancelled
683,49,188,2024-11-22,2AC,1440,Confirmed
684,15,364,2024-08-21,3AC,1624,Waiting
685,27,340,2024-08-30,2AC,633,Cancelled
686,19,475,2024-08-04,Sleeper,1063,Confirmed
687,41,598,2025-04-15,Sleeper,1067,Confirmed
688,33,123,2025-01-09,1AC,1185,Waiting
689,27,56,2025-05-20,3AC,381,Confirmed
690,22,420,2024-11-03,1AC,393,Waiting
691,46,185,2025-01-06,Sleeper,1098,Waiting
692,41,182,2024-12-25,2AC,1399,Confirmed
693,1,463,2025-06-03,2AC,528,Confirmed
694,37,783,2024-09-27,3AC,1102,Confirmed
695,9,630,2025-05-02,1AC,1397,Waiting
696,26,440,2024-08-16,1AC,885,Confirmed
697,3,547,2024-09-21,3AC,1596,Waiting
698,1,330,2025-06-03,3AC,136,Cancelled
699,1,642,2025-04-30,3AC,563,Cancelled
700,23,320,2024-12-18,3AC,310,Waiting
701,33,603,2025-04-23,2AC,442,Confirmed
702,3,306,2024-10-06,2AC,1033,Cancelled
703,34,611,2025-03-30,2AC,988,Cancelled
704,9,351,2025-05-18,1AC,835,Confirmed
705,11,414,2024-10-23,Sleeper,567,Confirmed
706,47,135,2025-04-22,3AC,1603,Confirmed
707,38,517,2024-07-28,3AC,352,Waiting
708,46,667,2024-12-12,Sleeper,868,Cancelled
709,17,790,2024-07-13,Sleeper,1316,Confirmed
710,43,111,2024-08-07,Sleeper,198,Cancelled
711,8,427,2025-04-02,1AC,878,Confirmed
712,36,259,2024-09-09,1AC,1537,Confirmed
713,14,712,2025-05-14,Sleeper,716,Waiting
714,43,104,2025-03-03,2AC,1375,Cancelled
715,45,141,2025-03-22,1AC,1801,Confirmed
716,33,737,2025-03-02,Sleeper,678,Confirmed
717,7,510,2024-11-15,3AC,1347,Confirmed
718,50,270,2025-05-08,3AC,833,Cancelled
719,27,303,2025-04-22,3AC,180,Cancelled
720,32,213,2025-01-16,1AC,777,Confirmed
721,1,14,2024-11-03,Sleeper,1957,Confirmed
722,37,686,2024-07-19,1AC,405,Confirmed
723,50,524,2025-04-17,Sleeper,1581,Cancelled
724,7,263,2024-11-14,3AC,1035,Waiting
725,17,476,2024-06-19,Sleeper,304,Confirmed
726,3,298,2024-09-24,2AC,1741,Cancelled
727,21,437,2025-01-08,Sleeper,294,Confirmed
728,1,142,2024-07-31,3AC,773,Waiting
729,29,637,2024-12-07,2AC,1899,Cancelled
730,6,382,2024-11-04,2AC,474,Confirmed
731,26,410,2025-03-02,1AC,656,Waiting
732,45,490,2025-03-31,1AC,1428,Confirmed
733,8,136,2025-03-02,Sleeper,1829,Confirmed
734,7,427,2024-09-23,1AC,1743,Cancelled
735,44,449,2025-01-27,3AC,1351,Waiting
736,50,368,2024-11-08,Sleeper,1866,Cancelled
737,47,134,2025-04-29,1AC,1984,Waiting
738,8,422,2025-02-16,1AC,194,Confirmed
739,17,671,2025-06-14,2AC,125,Cancelled
740,44,538,2024-11-05,3AC,1471,Waiting
741,34,536,2024-07-26,Sleeper,986,Cancelled
742,47,255,2025-03-03,1AC,808,Cancelled
743,44,657,2024-09-12,1AC,404,Cancelled
744,40,56,2024-12-14,Sleeper,1417,Confirmed
745,33,481,2024-06-23,1AC,1880,Confirmed
746,5,770,2025-02-09,1AC,756,Confirmed
747,22,285,2025-05-23,Sleeper,1138,Confirmed
748,36,659,2025-01-18,1AC,925,Confirmed
749,6,471,2024-10-19,1AC,1740,Cancelled
750,29,91,2025-06-04,1AC,1015,Waiting
751,8,510,2025-02-05,Sleeper,310,Waiting
752,27,37,2024-09-07,Sleeper,1791,Confirmed
753,39,634,2025-02-20,2AC,1922,Cancelled
754,36,212,2024-07-08,1AC,798,Waiting
755,4,229,2025-02-15,1AC,779,Cancelled
756,50,635,2025-04-29,1AC,1567,Cancelled
757,24,734,2024-12-11,1AC,333,Confirmed
758,49,675,2025-06-02,3AC,104,Waiting
759,23,649,2025-03-13,2AC,1221,Cancelled
760,24,719,2024-10-09,Sleeper,193,Confirmed
761,32,144,2025-02-21,1AC,319,Waiting
762,40,201,2024-11-19,3AC,347,Waiting
763,14,469,2024-07-29,3AC,1567,Waiting
764,7,776,2024-08-07,1AC,195,Cancelled
765,44,603,2024-07-01,Sleeper,1681,Waiting
766,30,675,2024-06-28,3AC,1121,Confirmed
767,34,754,2024-10-10,Sleeper,1233,Waiting
768,38,495,2024-12-22,3AC,1516,Cancelled
769,12,749,2024-07-29,3AC,312,Waiting
770,43,615,2024-07-21,2AC,1132,Waiting
771,27,624,2024-09-13,3AC,660,Waiting
772,22,302,2025-05-24,1AC,1748,Confirmed
773,9,423,2025-01-08,2AC,1826,Cancelled
774,36,322,2024-08-05,3AC,511,Confirmed
775,40,732,2024-11-11,2AC,1506,Waiting
776,44,136,2024-12-07,3AC,1131,Cancelled
777,45,653,2024-11-05,2AC,1554,Confirmed
778,49,361,2025-03-01,1AC,1293,Cancelled
779,43,728,2025-03-29,1AC,1480,Cancelled
780,35,293,2025-03-11,1AC,1755,Confirmed
781,34,110,2025-01-09,Sleeper,880,Confirmed
782,4,687,2024-11-23,Sleeper,509,Waiting
783,49,165,2025-01-28,2AC,1499,Waiting
784,10,64,2025-03-29,2AC,517,Cancelled
785,3,368,2025-03-23,1AC,309,Cancelled
786,44,758,2024-08-13,3AC,1620,Cancelled
787,36,399,2025-05-23,3AC,1146,Cancelled
788,19,710,2024-11-22,Sleeper,1997,Waiting
789,25,427,2025-02-23,2AC,1230,Confirmed
790,1,762,2024-07-22,2AC,515,Cancelled
791,50,454,2025-05-03,3AC,1966,Cancelled
792,46,727,2024-12-21,2AC,1646,Cancelled
793,35,757,2025-02-08,3AC,1689,Cancelled
794,13,302,2024-11-19,1AC,463,Cancelled
795,5,192,2025-06-13,3AC,1605,Cancelled
796,8,387,2024-09-30,Sleeper,977,Waiting
797,36,271,2024-06-26,3AC,429,Cancelled
798,17,6,2025-03-09,2AC,1055,Cancelled
799,10,41,2024-11-04,3AC,760,Cancelled
800,4,793,2024-09-06,2AC,1104,Cancelled
801,36,367,2024-12-03,Sleeper,1705,Cancelled
802,21,539,2024-12-03,3AC,476,Cancelled
803,5,518,2024-09-13,3AC,951,Cancelled
804,35,414,2025-05-12,Sleeper,815,Confirmed
805,14,680,2024-11-01,2AC,778,Waiting
806,19,224,2024-07-22,1AC,1249,Cancelled
807,1,118,2025-03-07,2AC,1012,Confirmed
808,42,629,2024-11-03,3AC,181,Cancelled
809,21,391,2025-01-11,Sleeper,890,Waiting
810,35,742,2025-05-30,2AC,150,Cancelled
811,50,384,2025-02-19,1AC,1096,Confirmed
812,19,668,2024-10-31,3AC,756,Cancelled
813,6,99,2024-07-07,3AC,1683,Cancelled
814,35,8,2024-11-15,Sleeper,531,Cancelled
815,41,793,2024-09-29,3AC,1871,Cancelled
816,28,107,2024-08-26,3AC,1201,Cancelled
817,48,794,2024-07-31,1AC,1424,Confirmed
818,48,703,2025-05-09,3AC,148,Waiting
819,46,340,2025-04-30,Sleeper,279,Confirmed
820,4,183,2024-12-07,2AC,1242,Confirmed
821,37,234,2024-07-19,2AC,934,Waiting
822,29,646,2025-02-26,1AC,986,Waiting
823,2,399,2024-09-04,Sleeper,1195,Confirmed
824,42,738,2025-02-18,Sleeper,1648,Cancelled
825,38,47,2025-02-17,Sleeper,832,Cancelled
826,7,297,2025-01-31,2AC,1342,Confirmed
827,19,784,2024-06-22,1AC,881,Waiting
828,43,32,2024-07-03,1AC,420,Cancelled
829,15,140,2025-04-15,1AC,1731,Cancelled
830,19,650,2024-10-21,3AC,710,Cancelled
831,47,664,2024-09-16,2AC,122,Cancelled
832,36,145,2024-08-01,Sleeper,185,Confirmed
833,37,611,2025-04-15,1AC,1200,Cancelled
834,6,313,2025-01-19,3AC,1632,Cancelled
835,47,353,2024-09-01,3AC,945,Cancelled
836,33,146,2024-07-10,3AC,476,Confirmed
837,40,259,2025-05-02,3AC,334,Confirmed
838,43,581,2025-04-07,Sleeper,1843,Cancelled
839,30,661,2025-01-15,Sleeper,695,Cancelled
840,5,257,2024-09-02,Sleeper,504,Cancelled
841,38,499,2025-01-27,2AC,831,Confirmed
842,43,672,2024-09-05,3AC,304,Waiting
843,40,72,2025-04-25,3AC,750,Waiting
844,29,337,2025-05-17,2AC,1520,Cancelled
845,10,580,2024-09-12,2AC,1754,Waiting
846,28,173,2024-10-19,Sleeper,741,Confirmed
847,15,730,2025-04-10,1AC,666,Waiting
848,9,696,2024-08-10,2AC,1897,Waiting
849,30,457,2025-04-16,2AC,1686,Waiting
850,32,565,2025-05-29,Sleeper,459,Cancelled
851,39,84,2025-01-31,2AC,1858,Confirmed
852,35,202,2024-06-15,2AC,1602,Cancelled
853,5,745,2024-09-29,Sleeper,1927,Confirmed
854,33,647,2025-05-13,Sleeper,1764,Cancelled
855,38,415,2024-08-09,3AC,1956,Confirmed
856,36,267,2024-08-03,1AC,1439,Confirmed
857,24,402,2025-01-09,3AC,1925,Cancelled
858,47,298,2024-09-19,3AC,1051,Cancelled
859,33,93,2025-04-20,1AC,845,Cancelled
860,1,679,2024-08-20,3AC,1836,Cancelled
861,44,170,2024-07-26,3AC,1013,Confirmed
862,12,580,2025-02-25,3AC,1607,Cancelled
863,31,368,2025-05-16,Sleeper,548,Waiting
864,15,65,2024-06-24,2AC,856,Confirmed
865,3,685,2024-08-04,3AC,1160,Waiting
866,25,481,2024-06-19,1AC,1905,Confirmed
867,3,665,2024-10-31,2AC,311,Cancelled
868,34,649,2025-04-16,2AC,1809,Cancelled
869,17,593,2025-04-16,3AC,871,Cancelled
870,25,375,2024-09-14,Sleeper,1158,Waiting
871,25,229,2025-01-28,1AC,822,Waiting
872,32,494,2024-10-17,Sleeper,1127,Confirmed
873,29,170,2024-06-20,3AC,257,Cancelled
874,42,288,2024-08-20,3AC,407,Confirmed
875,11,371,2024-09-25,Sleeper,1453,Confirmed
876,27,339,2024-07-04,Sleeper,1086,Cancelled
877,31,491,2024-08-02,3AC,1309,Confirmed
878,42,421,2025-03-29,Sleeper,599,Confirmed
879,9,588,2024-11-24,3AC,375,Cancelled
880,33,41,2025-01-04,3AC,214,Confirmed
881,17,185,2024-07-28,1AC,1327,Cancelled
882,41,20,2025-03-30,2AC,275,Confirmed
883,29,622,2024-07-08,1AC,1876,Waiting
884,11,225,2024-12-15,1AC,1330,Confirmed
885,38,786,2024-12-05,3AC,1376,Cancelled
886,33,271,2025-04-12,3AC,1583,Cancelled
887,22,465,2024-11-01,Sleeper,570,Waiting
888,25,136,2024-12-30,Sleeper,133,Confirmed
889,34,517,2025-01-30,1AC,1792,Confirmed
890,39,99,2024-07-26,3AC,1074,Cancelled
891,39,40,2024-12-06,Sleeper,290,Waiting
892,43,134,2024-12-26,Sleeper,1936,Cancelled
893,42,442,2024-09-08,1AC,858,Confirmed
894,45,543,2025-02-07,1AC,569,Waiting
895,50,391,2024-06-30,2AC,1306,Cancelled
896,49,714,2025-03-23,Sleeper,971,Confirmed
897,17,489,2025-04-14,3AC,1963,Confirmed
898,19,613,2025-06-01,1AC,627,Confirmed
899,1,727,2025-05-16,Sleeper,1283,Cancelled
900,8,533,2025-02-24,Sleeper,868,Cancelled
901,14,705,2025-01-02,2AC,937,Waiting
902,7,159,2024-10-09,1AC,1434,Cancelled
903,17,268,2024-12-08,1AC,1256,Waiting
904,40,283,2025-02-18,1AC,1646,Confirmed
905,27,566,2024-06-26,1AC,466,Waiting
906,36,569,2024-07-07,1AC,619,Waiting
907,37,353,2024-12-17,1AC,1606,Confirmed
908,43,122,2025-05-09,3AC,1014,Cancelled
909,11,103,2024-11-16,3AC,1141,Waiting
910,22,564,2024-11-26,Sleeper,429,Waiting
911,41,6,2025-03-07,Sleeper,1786,Confirmed
912,31,615,2024-07-25,1AC,280,Confirmed
913,17,228,2024-12-21,2AC,263,Cancelled
914,3,742,2025-03-17,1AC,920,Cancelled
915,42,534,2025-06-02,2AC,1557,Cancelled
916,4,793,2024-12-03,3AC,1411,Waiting
917,29,11,2024-07-12,3AC,1841,Cancelled
918,34,293,2025-05-29,3AC,168,Cancelled
919,33,529,2024-07-15,3AC,1359,Confirmed
920,44,37,2024-10-17,2AC,589,Cancelled
921,1,162,2025-02-05,Sleeper,665,Waiting
922,23,686,2024-08-10,1AC,930,Cancelled
923,13,531,2024-07-09,Sleeper,1609,Cancelled
924,5,93,2024-08-02,2AC,1587,Cancelled
925,38,357,2024-09-28,2AC,1770,Waiting
926,15,621,2025-02-11,3AC,1031,Waiting
927,37,5,2025-02-14,2AC,458,Waiting
928,33,110,2025-01-27,Sleeper,1130,Waiting
929,22,120,2025-01-12,2AC,1894,Cancelled
930,37,257,2025-03-17,1AC,872,Cancelled
931,31,789,2024-10-18,3AC,1651,Waiting
932,50,470,2024-11-08,1AC,1936,Cancelled
933,2,494,2025-02-01,Sleeper,628,Confirmed
934,25,649,2025-01-06,3AC,1486,Cancelled
935,15,324,2024-10-06,1AC,823,Cancelled
936,35,10,2024-12-07,2AC,608,Waiting
937,6,409,2024-12-27,2AC,255,Cancelled
938,12,488,2025-02-04,2AC,824,Confirmed
939,37,276,2024-11-28,3AC,1628,Cancelled
940,13,511,2024-07-22,3AC,580,Cancelled
941,16,272,2025-04-18,3AC,569,Confirmed
942,16,634,2025-03-13,2AC,419,Confirmed
943,8,81,2024-07-28,1AC,1357,Confirmed
944,49,555,2025-05-11,Sleeper,1836,Waiting
945,24,636,2025-02-23,2AC,1108,Cancelled
946,18,503,2025-02-21,3AC,1665,Cancelled
947,18,408,2025-05-20,3AC,1636,Cancelled
948,9,56,2025-04-08,1AC,1079,Cancelled
949,3,515,2025-01-14,2AC,906,Cancelled
950,50,179,2025-03-20,1AC,346,Cancelled
951,34,472,2025-05-16,2AC,1511,Confirmed
952,1,691,2024-09-05,3AC,877,Cancelled
953,7,334,2024-11-28,2AC,1354,Waiting
954,12,562,2024-12-06,2AC,585,Waiting
955,31,628,2025-05-24,2AC,849,Confirmed
956,32,435,2024-09-10,3AC,958,Cancelled
957,49,382,2024-11-21,2AC,1849,Waiting
958,18,462,2024-10-23,3AC,1270,Confirmed
959,37,703,2025-05-01,3AC,1767,Confirmed
960,47,277,2024-12-07,3AC,1237,Waiting
961,25,201,2024-11-15,3AC,1738,Cancelled
962,10,485,2024-11-22,Sleeper,461,Waiting
963,32,138,2025-03-24,2AC,1708,Waiting
964,20,257,2024-07-20,Sleeper,915,Confirmed
965,45,168,2024-10-13,Sleeper,541,Waiting
966,31,645,2024-11-26,Sleeper,1021,Cancelled
967,22,267,2024-10-13,2AC,837,Cancelled
968,36,264,2025-02-27,2AC,140,Waiting
969,8,360,2024-09-20,3AC,1281,Cancelled
970,42,665,2024-11-06,3AC,1698,Waiting
971,23,333,2024-08-12,1AC,1686,Cancelled
972,29,81,2025-03-07,1AC,1356,Waiting
973,30,647,2025-06-07,3AC,1878,Confirmed
974,41,346,2024-12-15,1AC,1392,Cancelled
975,37,415,2024-07-10,Sleeper,262,Confirmed
976,22,234,2024-07-19,2AC,748,Cancelled
977,19,728,2025-05-03,2AC,1339,Cancelled
978,26,278,2024-07-17,1AC,1699,Waiting
979,48,602,2024-07-20,1AC,947,Confirmed
980,12,24,2024-11-28,3AC,1590,Confirmed
981,43,258,2024-07-21,Sleeper,531,Confirmed
982,26,106,2025-03-30,Sleeper,230,Waiting
983,36,56,2025-03-27,Sleeper,1678,Waiting
984,34,784,2024-11-05,Sleeper,312,Waiting
985,40,160,2025-04-25,Sleeper,1441,Waiting
986,20,235,2024-08-03,3AC,1610,Waiting
987,29,642,2025-01-16,3AC,368,Cancelled
988,11,30,2024-07-07,Sleeper,1458,Waiting
989,21,488,2025-01-27,1AC,1883,Cancelled
990,18,562,2025-01-18,1AC,376,Cancelled
991,35,182,2025-01-18,1AC,1392,Cancelled
992,41,578,2024-10-20,1AC,1172,Cancelled
993,41,547,2025-03-01,2AC,1961,Waiting
994,31,553,2024-07-31,3AC,1748,Confirmed
995,29,316,2024-11-20,2AC,944,Waiting
996,10,311,2024-10-29,Sleeper,100,Cancelled
997,49,140,2025-05-19,2AC,687,Waiting
998,35,9,2025-02-27,1AC,1647,Waiting
999,20,10,2025-06-14,1AC,1734,Waiting
1000,39,237,2025-04-01,Sleeper,1222,Waiting
